{
  "AllowedHosts": "*",
  "Auth0Settings": {
    "Authority": "https://teamly.us.auth0.com",
    "Audience": "projectmanagement"
  },
  "Postgres": {
    "Client": {
      "Host": "localhost",
      "Port": 5438,
      "Username": "developer",
      "Password": "dev123",
      "Database": "project_management_company"
    }
  },
  "SerilogSettings": {
    "ElasticSearchSettings": {
      "Uri": "https://localhost:9200",
      "Username": "elastic",
      "Password": "dev123",
      "IndexFormat": "logs-company-api-{0:yyyy.MM}"
    }
  },
  "Serilog": {
    "MinimumLevel": {
      "Default": "Verbose",
      "Override": {
        "Microsoft": "Warning",
        "System": "Warning"
      }
    }
  },
  "Consul": {
    "Token": "af2884c6-cfff-3823-1eb1-baaa9df7f1cf",
    "Discovery": {
      "ServiceName": "company-api",
      "Scheme": "https",
      "Retry": {
        "Enabled": true,
        "MaxAttempts": 5
      }
    }
  },
  "TelemetrySettings": {
    "Endpoint": "http://localhost:4317",
    "ServiceName": "company-api",
    "ServiceVersion": "v1",
    "EnableAlwaysOnSampler": false,
    "SampleProbability": 0.2,
    "EnableConsoleExporter": false
  },
  "management": {
    "endpoints": {
      "health": {
        "showdetails": "always"
      },
      "enabled": true,
      "actuator": {
        "exposure": {
          "include": [
            "*"
          ]
        }
      }
    }
  }
}
